{
    "loss": 1.27261221408844,
    "accuracy": 0.6724137663841248
}